USE [SnackOverflowDB];

print '' print '*** Inserting App_User Admin data'
GO
INSERT INTO App_User 
	(FIRST_NAME, LAST_NAME, PHONE, PREFERRED_ADDRESS_ID, E_MAIL_ADDRESS, E_MAIL_PREFERENCES, PASSWORD_HASH, PASSWORD_SALT, USER_NAME, ACTIVE, ADDRESS1, ADDRESS2, CITY, STATE, ZIP)
VALUES
	('Mason', 'Masonson', '3192222222', NULL, 'masn@yahoo', 0, 'f8ed27280564f0e7f945c463e483b800b1f2c6d44f6e9d400a44b2c9bacf0af9', 'ADMIN', 'ADMIN', 1, "Top of the world", NULL, "North Poland", "UU", 55555)
GO

print '' print '*** Inserting Vehicle_Type sample data'
GO
INSERT INTO VEHICLE_TYPE
	(VEHICLE_TYPE_ID)
VALUES
	('Truck'),
	('Van'),
	('Semi-Truck')
GO


print '*** Inserting App_User Test Data ***'
GO
INSERT INTO [dbo].[App_User]
	(First_Name, Last_Name, Phone, E_Mail_Address, E_Mail_Preferences, Password_Hash, Password_Salt, User_Name, Active, Address1, Address2, City, State, Zip)
VALUES
	('Jim', 'Glasgow', '3197422222', 'hardees@gmail.com', 1, 'f8ed27280564f0e7f945c463e483b800b1f2c6d44f6e9d400a44b2c9bacf0af9', 'ADMIN', 'jglasgow', 1, "Home", NULL, "Cedar Rapids", "IA", 52404),
	('Elga', 'Ilunga', '970742222', 'elga@gmail.com', 1, 'f8ed27280564f0e7f945c463e483b800b1f2c6d44f6e9d400a44b2c9bacf0af9', 'ADMIN', 'elunga', 1, "Home", NULL, "Cedar Rapids", "IA", 52404),
	('John', 'Myers', '9707422225', 'jmyers@gmail.com', 1, '352139c421eb72134551b2e80c2b79c55d30b5af08ec682e996ab11631f4e21d', 'ADMIN', 'jmyers', 1, "Home", NULL, "Cedar Rapids", "IA", 52404), --Password: m0R3$e(ur3
	('Francis', 'Zak', '9707422225', 'fzak@gmail.com', 1, 'f8ed27280564f0e7f945c463e483b800b1f2c6d44f6e9d400a44b2c9bacf0af9', 'ADMIN', 'fzak', 1, "Home", NULL, "Cedar Rapids", "IA", 52404),
	('Celine', 'Dion', '9707422225', 'celinedion@gmail.com', 1, 'f8ed27280564f0e7f945c463e483b800b1f2c6d44f6e9d400a44b2c9bacf0af9', 'ADMIN', 'cdion', 1, "Home", NULL, "Cedar Rapids", "IA", 52404),
	('Will', 'Smith', '9707422225', 'wsmith@gmail.com', 1, 'f8ed27280564f0e7f945c463e483b800b1f2c6d44f6e9d400a44b2c9bacf0af9', 'ADMIN', 'wsmith', 1, "Home", NULL, "Cedar Rapids", "IA", 52404),
	('Cust-John', 'Aaron', '9707422225', 'custaaron@gmail.com', 1, 'f8ed27280564f0e7f945c463e483b800b1f2c6d44f6e9d400a44b2c9bacf0af9', 'ADMIN', 'jaaron', 1, "Home", NULL, "Cedar Rapids", "IA", 52404)
GO

print '' print '*** Inserting Customer Test Data ***'
GO
INSERT [dbo].[Customer]
	(Customer_ID)
VALUES 
	(10006)
GO

print '' print '*** Inserting User_Address Test Data ***'
GO
INSERT INTO [dbo].[USER_ADDRESS]
	(USER_ADDRESS_ID, USER_ID, ADDRESS_LINE_1, ADDRESS_LINE_2, CITY, STATE, ZIP)
VALUES
	(1, 10006, '6301 Kirkwood Blvd', 'Nielson Hall','"Cedar Rapids"', 'IA', '52404')
GO

print '*** Inserting Employee Test Data ***'
GO
INSERT INTO [dbo].[Employee]
	(User_ID, Salary, Active, Date_Of_Birth)
VALUES
	(10000, 27000, 1, '1997-05-05'),
	(10001, 35700, 1, '1965-08-10'),
	(10002, 29000, 1, '1988-01-10'),
	(10003, 55000, 1, '1973-11-30'),
	(10004, 45500, 1, '1992-04-26')
GO

print '*** Creating Inventory/Warehouse Test Data ***'
GO

print '*** Inserting Location Test Data ***'
GO
INSERT INTO [dbo].[Location]
	(Description, Is_Active)
VALUES
	('Location A',1),
	('Location B',1),
	('Location C',1)
GO

print '*** Inserting Warehouse Test Data ***'
GO
INSERT INTO [dbo].[Warehouse]
	(Address_1, Address_2, City, State, Zip)
VALUES
	('Ware A St', 'Block B', '"Cedar Rapids"', 'IA', '52304')
GO

print '*** Inserting Product Test Data ***'
GO

INSERT INTO [dbo].[Product]
	(Name, Description, Unit_Price, Image_Name, Active, Unit_Of_Measurement, Delivery_Charge_Per_Unit, Image_Binary )
VALUES
	('Apple', 'It is a fruit', 500,'',1,'kg',50,0xFFD8FFE000104A46494600010100000100010000FFDB008400090607080706090807080A0A090B0D160F0D0C0C0D1B14151016201D2222201D1F1F2428342C242631271F1F2D3D2D3135373A3A3A232B3F443F384334393A37010A0A0A0D0C0D1A0F0F1A37251F253737373737373737373737373737373737373737373737373737373737373737373737373737373737373737373737373737FFC00011080079007903012200021101031101FFC4001C0001000105010100000000000000000000000702030405060108FFC4003B1000010303010603050603090000000000010002030405112106071231415122617113328191A1142352B1C1D11542433334727392A2E1E2F0FFC4001A010100030101010000000000000000000000020304050106FFC40026110002020202020103050000000000000000010203041112210531221432511323244171FFDA000C03010002110311003F009C51110044440111100445CA6DA6D747618BECF4AD6CD7078C861E518FC4EFD02859646B8F291E37A3A0B85CA8ADB0FB6AFA98A9E33A0323B193E5DD7313EF26C51BCB616D5CF838CB22C0FF00710A2BB85656DD2A4D455C8F9E778E675C6BC80E83C82C714CE88FDEC81A71EEB753CBAF45CC9E7C9BF8F441CFF04C347BC3B0D439AD9249E98938FBE8F4F9B72BA8A6A886AA164F4D2B2589E32D7B1C0823D541564B5D4DD6BA3A4A288713CEAE39F0B7A927B29BAD36F86D76F828E9862389B8CF73D4FC568C4BECB5BE5E89C5B7ECCC4445B8F422220088880222F1002B8C9F6A2ED6EDA66417AB73696CF2B8C51D4070778B3E171703C8F5040C7A05D8B9ED68CBDC00EE4AE7769AF3B3A6827A3BB5435D148D2D7303493EA34E6A32FF004B2B8F27AD6CE89CF6B185CE380D1927B2862BA8A6AEAC9AE75A5C1D52F2F0DC6480790F40301645A378CDB6D0FF000AAF1255474EF731B5119F1C90FF0028D791C7D34F355546F1ECAF765D649DCCF3A92B06546576945EB4592C2BA5E91AF34DC2D2C8D9C0D239753F159969D93B85D1D88A231C5D6493468EF8EE55C8779BB3F4C070585E4FF9BC58FF00505D7D9B6FA82E11B5EEA0ADA66F42E8F2DFA2A2BF1EB7F3914CB16C87DC8DC6CDECED258294C74E38E57FF6B33860BFF61E4B72B168EE1495ADCD2CEC93B80751F0594BAB08C611E31F4475A0888A6022220088880F0AE736AF69E0B243C2D21D39E9D96DAF15CDB7D04D50EC784683B9506DD6B6A6ED7490CCE76339242CF7DBC3A5ECEAF8CC15932729FDA8CDABDE0DD9F51C4D2DE1E808055BB86D6515DA944775A16F19FEA53F85DF1CE8B5725B9C4B9E388977339E6B0A7B616B73C0461678D8DFB3B3660D2BB8AD1872C5426A83E1A99044D3AFB4887111DB01DAFD15F9AA2D0D888E0AC93A64358CCFD4AC19E1731FCB5CAC795AF31F081A038D029BD3230A64B7A66C61BBDB695C1D4D6863DED391254CA5E73DF030DFA2F67DACB939E70FE0C8C6233C23E8B48D81EE271A81F55783046305BAF7534D144F1F92ED1BFB5ED45D69E664A2A0E87238BA29776336F21BB965257E23A9768C7F20F3DBC8A8104983859D6FAC743335CD2720E415629182DC64D1F532F573FB137AFE35628667BB3333C1277F22BA0572ECE54969E9844443C088880E2F78D5DEC691B0876B8CE1469662D96A6474872F71CEABB1DE83C8ACC138CB06147F6CAB1055E5E7880181AAE5643FDD3ED3C456BE8BAF6773416E350DE0E1CB739C81D55DB9582A1948E7FD9CF08EB8E5E6B1EC3B574F4CE11C8DC904F88725D0DC76A681F40E71A8C0737DDC6B8ECAE87071F663BE5930B5251E888AED4DEC24D798E6B4AF9DCD73C46E770E490B6DB4170FB5544AF69C65D9D3B2D1105DC868157ECEB2DA8975870D07A9E6A891C0FAAB8C6FDDF3D7A056DE09D72355644CF6328F788074553720AF18DD4E7E6AE31A79F9AB1331591D929EE66E2E15F3D1171E09632E0DCFF334FEC4A97940BBA794B76BA99A0FBDC79C7F84A9E96883E8F9FCA8EAC0888A6660888808D37B103BDBD348D1EF371F9A8E8511E3C1383818E98F552FEF2693DADAA1A968D619307D0A8A2594B4F8F38CF4FF00DE8B9D910F99F5FE22EFE324BFA11523742F38700391E675D55CAD89861F7F5F5FA2B1EDC38672438721D158966E26638BAAA540DF29B6CD6D5421AE763E201585ECC6796567543FC475E7D5631700ED7E415AA3A2B959DF603303983E8ADB999CE1561D9CEB85E1769E6A68CF39ECA580E460AA9A0389C63F74D06B9CF6202A88F0E33AF65346693E8EDB7410BE7DAE63FF0096189CF38F4C7EAA765166E42DA594D5F737B406C8E10C67BE3577E63E4A535A60B48F9FCB96ED611114CCC1111018776A3657DBE7A57FF51B81E47A7D54077489F49532452330E63F848EC415F43951DEF37673DA30DDA963270313868E5D9DFA1545D0DAD9D5F1794AA9BAE5E9914B9FC2F3904F92A1CF7168C9183D71E4BC981612083CD582ECE7181CB39E8B368EFF0032899EE18CE4751958EE7638B3D79AAE4231AF3CE563BDC339CE54D22A9CF4545C4F33A9EA1541D8181CFBAB3C5D02AC118EFE8A5C4CEEC456D777F82C8A6824AA9E3829D8E74AF706B5A35C92B15BEF6BD14B5BA3D92717B6FD708F0D1FDD584733F8FF006528C76CCD917F086C917662D11D8EC5476E8F9C2CF19FC4E3AB8FCC95B5445A4E137B7B611110F0222200A8918D918E648D0E6B86083C8855A2021EDBED877D03DD5D6D617D238E5CD1CE3FF851D4B110E21CD20AFA8E4607B0B5C01046082342A3FBFEEDA96E750E969A6968B8B9B602307E60E3E0AA75FE0E9539F251D4884A7C8CE468B15CFD4F23F052D55EE8EADD1114F7163C81A7B66E09F880B5037377D91DF795945137BB5CE71FC82F3F4CBA59B1947646FC632AB0F1E4A518F72B56E88327BB4631C9D1C3A85BDD9FDD3D25A6A193CF332B6469CB7ED11640F3E1CE3E6A5C0CFF0058737BB7D8092F0E8EE9778DD15B81CC7111833FFD7F3537C51B228DB1C4D0D63461AD68C003B2C48A9E7634074A0E3B3564B1AF1CCE7E0A4968C76D8EC7B65D45E2F548AC2222008888022220088880222200888802F17A88022220088880FFD9),
	('Orange', 'It is a fruit', 550,'',1,'kg',50,0xFFD8FFE000104A46494600010100000100010000FFDB008400090607080706090807080A0A090B0D160F0D0C0C0D1B14151016201D2222201D1F1F2428342C242631271F1F2D3D2D3135373A3A3A232B3F443F384334393A37010A0A0A0D0C0D1A0F0F1A37251F253737373737373737373737373737373737373737373737373737373737373737373737373737373737373737373737373737FFC0001108007C007F03011100021101031101FFC4001B00000203010101000000000000000000000005020304060107FFC400301000010303030303030401050000000000010002030411211231410513512261713281914252A1C1D1062362F0F1FFC4001A010002030101000000000000000000000000010203040506FFC4002C110002020202010303020701000000000000010211030412213113415105326171D1223342B1C1F0F114FFDA000C03010002110311003F00FB8A00100080040020010008004002001000800400200100080040020010008004002008BE46305DEE007B9517251EDB1A4DF828757D3036EE826F6C2A25B78575C8B3D1C9F044F50A704FAF6517BB857B8FD09FC033A8D33B1DCFE10B7B03FEA07AF917B17B278A4FA1ED3F757C32C27F6B2B7092F289DD5844F500080040020010008004002008BDED634B9EE000DC949C9256C6936E9086BBFD40D639CCA61AAD8248FE97176BEACA2DC711D2C1F4F72EE6299EBE496EF99C5C0F95C8CDB739AB9BB37435E31EA2647CC661FED38078372DB6FF000B273791F5D177150EE5E08C73BBBBA35334B482E3CDBE15B1D5CBECBAEBB2879F03E94BB2C6D63DD297364B33C9D95739C94ED3E8B7D25C6A8DB055B5DA743C077B157E2CBC9AE2FB289E26BCA18D375796300BECF61E574B07D4B2412E5DA32E4D48CBC74C6F495D0D55B43C077ED3BAED60DAC7997F0B3064C13C7E4D4B495020010008004002008492363617BC80D19252725156C6936E91C7F5CEB0FA893B51BB4C43F95E5FEA5BEE6F845D23BBA5A8A0B93F2288DF73676470B930EDF66F945559619642C0D6D8BB7529B75488F1576C84B1D64B110C7B1926CD360A781B8BB6C8C9627D3F02D7F4CA96D5B6421BA98D6B64986EF3CFDB75BDED53E99C696837DC4DCDE9CF12BA4648D7467E98CDC5B1FF00AB1679472BB48EC6BCFD2C4B1BF2BDCD1144E6B85E0E7F4AA2109292E894E49AF23189CD9580462D6E0E33E174B1C54E351E8C724E2ED83FB903C39A4B4F04150929E29725D0D38CD51D0749EA62A982392C251CFEE5DED1DE59D719FDC733675BD3771F0340BA463040020010008039FF00F525708D9DA6E6C413F2B93F52D9E11E28E96860E4F9339266A9A4B0DCFF00017968A7966779B50897766464777378BFAAD91EDCAD0B0CE31F1FF3F1EE55EA45CBA654262D1E8C3411C6CABB7EC4F85F920DA93AECE712DF6C2A793BEC9BC5D744CD6B85EDB149CDD89604CAC5538124652B7764BD2546BA7AC24B4169BF02D7B9E3FC2D58B23EACCD930D781AD03034493DD9EB6641CE9CDBF2BA9AB04AF27C9873CAEA3F0307C11F6C68F58E45B7FCAD92C70E34959954E4DDB1610EA69C5891B66D65C969E0C8A8DA9AC91ECEA682A454401DFA860AF4FAD9BD585FB9C6CD8F84A8D4B4150200100426788E273CECD0494A4F8AB1C55BA386EA92BAA2A1C3CB82F29B93796747A3D782C7023407B60BE305BFA0E922EE276B5FC25AD5156BAF6FD6C79D5F4FF5199A510BD951131C5C3EA0D7EA73BCE4F1BE1743D0506B225DFEB6CC5EAF24E127FB08BA8BA2227747A9BA646868BDEE03795CED8E0D49AF66BFB1D2D7E49C53F87FDC52F934B8DB2775CF71766E5E087785EDA8F8517164D2012826CD24A5C4745F1CAE2E001B9B59B9B594E2D954A0A87145D49A5C6492CC91E4899BB35D7B73C1B85D1C5B0B9372F2FCFC3FD99CECDACD2A8F8F6F95FB9D036BE37078EE59E5B6182749F7FE8AE9BD98BEAFBFF7CFF8395E8497B742FAB7EA397EA92C356763CFF4B9BB12E4FB76CD78957B7432E8551A653193BADFF4CCCD4B8B336E63B56740BBA7301000803175593452387EE3659F66558D97EBC6F22387AA27BC7DD794CDF7D9E9317DA7B472BA3320633592DB69B677BE3F0A7AF36AD45591CF052ABE82B3A93EA4C9A192765C1D7644EC8F9F02EAF9EC3C974BAFC79218F5D63AB7DFE7FDEC495354C700D0E2D02D68DA3D2DC5B9DD649CD491BA18DA7FE4C724A321BA85F60780AAA45A97C951948C1391B591C49121238B6FA81208C27E9AA172ECB61909F4B86067E145C02D1AE9E676BB6E4E08E08F74D725D109453438A6AE7E911BC81E9D373921BE2FE36577FE8925C5BFC18726BAF28B84A5FE92491C5D52F2B9321C38F66CE9B296CCCC90E69E7C2D5A93719A29CF0B8B3B261D4D0EF22EBD745DAB3CFBE9D124C01002BEBC6D4A2DE562DDFE59B34BEF38F932DD76CECBCF4D26ACEEC7AE85B3CBE9CBB4F37B5FECB1DDF4CD518FE05B512BADA5AE27DBFCA137F25A92F2667BF7BE47BA950CAA598B9D7F3E029A40BA456D7673B5D4D21366A85A19192EB39CFB6868C9B1E6EAE51497654E56FA35C71822E2C1A3383B01C7CA1E2F817306BAC2F8B1CEEB3CD745A99AE2934DB171BACCC6E366F85FA99EFB8514AD19A71A632A4CCAC77E56EC0BF8D331E5FB5A3B4A63782327F685EB717D88F3F3FB996AB08020059D759AE92E382B26E46F1F46BD39564392981ED9F3A9703227C4EE41F623ADC1B70363E42E7C9766E80B25764E5389619DE7C6DEEA69015CAE018D68F927DD5BE48A290EC8CD85FE549099B209FD4CB875DAC2D16FFBE5589F82B68B9B337B2D3769B6F7DCBBDC78437D58D2EC9F701BD8DD5132C8A2D81C75027659A512DF61C536003EC9C6264C836A16925A3C15BF5E36CC3999DAD38B42C1FF0010BD4415451E7A7F732C5322545E90E8A6A877A9E48FC8C2AF22E5168B20F8C9338FAD6965C11620AE06783477B14AFB10D636E71C6173A51ECDD0909E4CB88E6E9245F650EB8271BA9242B33C86F75341642EA484C931C411A49053116876410003E428B1A34406F923E556D123652B6F903D5BE541A1B63BA404DAFF00656423666C8C79D1E12F99AD0373F85D1D3C57248E6ED4EA36760058582F42704F53032A8B2678A231175DA6D2EEE347A5FBFCAE76DE2F74747532FF004B392AD6969BF195C79C299D684AC5333013AAC15745F6CCAE6677CA1447C8CEF8F36033E14A87643B573CEAF046103B2D64561B5FEDB20565CC846E90ECD0C8AE36FE9141C8DB4D1818B04A88C98DA8DB7215908DB28C8FA3B2E8348591F79E3270D5DED3C3C5726707772F29714385B8C2098198A8B2456E3651248CF50D6CD13A37ECE1F8509C549532C849C5DA38FEB345242E707036E0F042E3EC61713B1AF9948E767696DC2C2E346E523396DF8450C81604C76023B6C8196471BCE2D9F640CD0C8AF8DFE121265CD8ED81B242B35411DC8DD34AC4E5D1D1F42E9AE9DE1CE16636D72BA3A9AEE4EDF839DB7B3C152F2760C686B4068B01B05DA8F4A8E136DBB649311EA00C84A06883882A2C922B70E428B268C9594F1D4C4E64A3E0F8554A2A4A997426E2ED1C8F54E932424903533C85CDCDAEE3E0EA61D852133E12D3B2C2E346B522A31E544B113633F090CB445A85AD84588B99101C202CBA284BC8B0C26A2DB22E54743D27A23E521D302D67C64AE860D46FB91CFD8DC51EA3DB3ACA78D90C6191B40685D78C5455238F39393B65AA68AC92607A81184940C8A4C923C2A24915B85D26493334F135E082A0E3658A5420EA3D348BBA26B4FB5966C9AE99AF1EC35E4E7EA3544EB3E99C3DDB958E7AB2F63643617B947745F0C70FB2A1EB64F82F59E1F2591BCDF0D292D5CAFD81E7C7F26FA68DD21034D95D0D37EECAA5B0BD8E9BA55246D0D71682E1B12B7E2C3189873669487D1ECB523048B9A548832C52444F5023D4C0C04A00F2E90C89489220E48641C912289A30E07095124C4F5D421D90D50712D8CC4B351969FA556D17A99E329CDFE94A89721B5053641B2691094CE8A8E3D23656A4677237B76532A658364C8B2614911248227A130301401E1401E2449107A4C910290D113B206532341DC2005F510B0F0AB65B1667642CD5B2893E4C654B1B40160A49106C690816534565ED4C44DA99164C2644984D1104C0FFD9),
	('Onion', 'It is a spicy vegetable', 560,'',1,'kg',50,0xFFD8FFE000104A46494600010100000100010000FFDB008400090607080706090807080A0A090B0D160F0D0C0C0D1B14151016201D2222201D1F1F2428342C242631271F1F2D3D2D3135373A3A3A232B3F443F384334393A37010A0A0A0D0C0D1A0F0F1A37251F253737373737373737373737373737373737373737373737373737373737373737373737373737373737373737373737373737FFC0001108007B00B903012200021101031101FFC4001C0000010501010100000000000000000000040003050607020108FFC4003C1000020103020305040708020301000000010203000411052112314106132251613271819114234252A1B1D10715334362C1E1F082F134537216FFC4001A010003010101010000000000000000000000010302040506FFC40023110002020104020203000000000000000000010211030412213113412251143242FFDA000C03010002110311003F00DC4D795E9A1AFAEE2B2B592E273844193EBE9400DEA5A85BE9D6CD3DCB70A8E43A9359A7693B6F71725A3B76EEE01D01FCCF5A8CED6768A5BFBA79247C28D9547251D05522EAECBB1E33D765ACB951E9E9B49FD4895B9D5A69DCE5C9F5E9437D247B46424F954687661803E02BB48DB62473AC5B3D28E124D6F00390483E74741AAAA638DFE550AB093CDB1E94E1B5661B0C52B66DE0459E2D516551F46BB92190722AD83425FF006935ED1A63736D7EE78FF88060717AE304679EF8EB55D78268CF5F85766E5CC4629C7121F9D0E44E5A644C49DA6D5759D304B25FDCCEBC7829C4319CF518AD0FF65DDA1FA659CFA7DE5C334D092D17787EC72E677D8D63F65134175DFD94C5588219481BFBC1DAA7AC2DFBAD6AD3519ACE39E08C704F06485753CCE3CF7CD38B672EA31270A68FA081046C735ED3166215B5845B0510041DD85E40636A7EAA78A2A54A95002A54A95002A54A95002A54A95002A54A95002AA17ED1B55E1E1B256C2AAF1BFA9FFAABDBB0542CDB00324D61BDB5BE7B9B97909DE5727DC293674E971EF9955BD9CCF292761D05376F0873E2A6CEEFE82A4AC915980D81A8B67D041520DB0D1DE54E2543EFC53F3693DD8E5BD597409E18E1114CE8B9EA4D17A9436DC0C63E748CAC8D4BA28B1DB70C9823FC54D59E9627031B0EA4D0F77C09282373E5527A6EA11A60676EB9DB15B895C9375F13B93B34BDD6436FE58AACEAFA4496FC59076F215A4D8DC472C7DE641F7F4A17538239D1C60138D862B6E28E686695D332175784F2344D96AB342FED1C54BEBBA7F70FC283C4798AABCCA63257A8E758E51D128A91AD762BB66F0325B5D1E3B66F9AFA8FD2B528A459235911832B0C8239115F3168B72D1DC2007CB1F3ADABB01AD9990E9B39CB282F11F4EA2A917678DADD2A87CA25DA95214A99E68A952A5400A952A5EEA0044E2BC073557ED276916D27FA059C83BEE72CB9DA21E5EF35D7652F65792549E5795A53C6A5893803A7A56772BA2FF8F3F1F91F459E952A55A2003ADCA61D2AE9C748C8F9ED587F68612D3993EC2A01F1ADCB5788DC699731AF36438F86F591EAF0865C30D9B7A1AE0EFD13AB29023C6E46D4440DDD138A936B384E361E7433D9E0F8738E95068F66391747B0DDB86186C2D1F26AF218B803E76C0A877B7907B2322B8556072452A2CA98777A5DB898F3E75E35C60E41DBA50664E11BF2A6DB8A4391B0A68D249960D33599621C1C7E1F2A985D6618A32C650D230DBD2A90094DBAD70F3B01E36217D7A551333284497D5B5312E5F6E23CAAB334881BC5BB9E75D5DDEA630833EFA8A9272A72705A9315A5D92BA7CABF4E8D00FB42AFDA3EAA9A55EDB5CF8A474218C69ED30EA2A8DD97D226D4A4FA53168ADE33EDF2E36F215A0E9BA0191788B70A7307EF56E113CDD5E787EA8B2CFDBCBA9BFF0012CE1810FDAB962C7E4303F1A63FFD2EA53FB57C57D20847F9A6EDF47822FE1C0643D5987EB45240B19C168D4F40A326A94795B57A3A8354D41D722F2F9BFE0A3F3A2D752BE55C9BABCCFAC6868758C039066F86D5CBF7AD958863D598BE28A0DA737FDA2D46189BBBBB9C606E4C118FF7E554CD6FB67DA482DCCB06AE12023801711F19CF5181B54FEA1A59BA956096E6528C72D146002C3D71FDF351DAAE8B613A46B696888D6F99785946720F23EFA36958C522B9A0A5EEA37F04293A8EF0E5AE26940C6FB963D4EFCB9D6F1A3E9E9A7D9A441BBC7C0E293EF7F8AC6353D0552EAE350B162A91AAC8C806C475CE2B55EC46A02F7448D1E50F3404A3EFD39AFE18AC6DA66F519A5931AE784586BDAF2BDA0E129DDBDED5DD766E08459D877D24C48EF2407BB5F9733E9B567D73ACDA6AB6523175B69F7F013B0F756CBAAD8DBEA16135ADD42268A45DD09C67E3D3DF583EB5D979AD6426F2DA5B4F1B777DE1C8603D791AC4DB48F4F43E392DAF891090EA72DBB3C6F92075345C5AA65396E6A1629D66BA6B580B310DE241F6BCF0451651E1E033459CEE780EC17E3E55849B3B2528A76482DE93CCED4F294947315C5A68E9A82036B7F1A8233E246FC702A460ECADD22EDAA58B63A71114F631ACF8D7B009624F3C8A6CCC883000A919BB37A9004C725BC83FA24CE6A1AF747D6E253C36EA479834F6B2AB510F4C4F70B9E4280BF6E38F894E71405D45A844713C522FAE292CC523E12D9A6909E55DA039646AF2C6DE5D42FE0B387DB99C2D7170DC4DE1A9FF00D9CAA8ED5DA2B8DDB3827CC6F4D2E4E5CD95B357B2D161B686DAC621C305BA0E21F7AA711046AA4AFA2201D3D6BD893C659BEF1F9014EF0923FADF727C8558F35F234E788F0BB73E4895DC70381854541EEDE9C40B1E446A0B7DA63FDCD3E914926E7383F014098CAC28BED1E33E5CEBB92D2491301CC49E6BED7C28C8ED822EC326B9B4FA42A4AD7D1A278CF00439F0E2A7BD5D215BED00A5A416F0B3471018DCB1DD8FC6A3EDED716F7929F6DCE3E007EB9A99B821E0D86CC46D4CC4A0C52A7F51AA21A6E888B3B6555D46DDC6439CE3FA48FD7341F661DF4868B51563DC37D55DA792824717FC4FE04D4A4B946866D86FDDBFA8FF00BAE2C60EEE5B9461E091B8B87A6E003F952682E932F68C1955948208C8239115DD407662E0A249A748C4B41BC59FFD6790F87E953D9AC116A8476ACCBF6B17B1EA6F6BA0D8667BB56EF6754E51C7FD5EA7CBCB3577ED1CDDDE9CCAB752DBBCAC115A100C87D06761EFE955DECF7676D74BB495503349312D34AC496727CC9DCD05713507BD991F68FB273E9B696B73042F1CF247DE336391E641FC2A634CD2E7D174682FE7816EAE269782759B90E21B7E3B7C6B46ED2D9477F6915A9E7DEA13FF00C8393F86DF1A6A7B14B8D2EF21280870DC3EF036FC40AD2A2D1C8D95E7D2ACAD6F22915D6D5A54184520A1F766A404535BF86440C9F794FF0066CFE747E9D0C1358413CF02B3C71E54B0C955603207A51B0DA77699B75FAB3FCA3ECFC3CA9DA5D8DCBEC8196DE1981E2580BF51227767E742C9A6BC69C41678879C4FC43FDF8558A5B68C9214774DE446DF2342BC0F067EACE3EF4271F853E18269F456A4B291FC398AE07DD91785BFDF8541EA3D9CB39F3C70F70FEA71F8F5ABEE1661FCB9F1CC11C2C291B5561851C7B78A3939FCE8DA3DCD18C4DD96BB175DD86454E7C6DFA5166D63ECD5FE997D1B492B2CE38CE36C75DBDD9AD1EEAC111F8C26613B329E69FE2A0359D212665B2964E0595834726338AC355C997396E4CD0E0759A059613C492AF1291E4451E22241E1D891807CAA83FB33ED006E2D06F9F86E61665878BED60EE9F0AD3A28C01CA8DDC139FC5D02436832091B0E428D440A314E05C0A58A8CE6FD13EFB3C38140EA0F988AA9F136C28C95B854EDD2A24BF7F72029D9376FED5BC711A3A9CFF0D546DC5B7BB9D356E7EB661EE35D3F8A407A20FC69985B0D2B9381CAAC6BD0C4E81E0B841C8138F9034EDB6582B63DA506B8248B776C6F21D851302F76817A28C6687D0A5C238B594C1DA0B3200CC998CFB88CFE6055BAA9B6B199F5FB20BBF03973E8003BFCF1572C1AC32722A97F73FBC35C64427BAB4FABC7F5F363F90A91DD500A80D257BABBBB46CE45D4B9CF3DDC9FEF53D21C8A072E19193371CD2487920E15F775A7231DCD965BA21247C334C67EAA4079F8B34E4AF9B438FBA2B450F2C408C468397778F951566DDD48C879741E54320C4D111CB3BFC69F9B28E9281B7263F9566514C6F909B981655DC66A2668E4809C64A7CEA6617E21CF35DC96CAEB95D8D28CA8CA9570CAE32C52EEEBC0C393A9AF780A15129C8CF8641CC7CAA4A6D3BC5C49953F9D33DC1847091F5676653D2A9B93E8A6E4FA049A2C86247D601BE3ED0A87D56C45C5A4889FC44F1C66A7D9780853F61B1EF0681B8E154909D9421A3D01469E0EF1E4D45553F785AB472C4EAB8670AC388311ED6DE7BEDCEB5DD3AF63BCB58A788E51D723D3D2B2C78DE3E1931B919DC679D4D767B5BB8B1B78ED5A369A30B95EED00E119EA49DF15C992E3D74662F7AA7D9A2E735D01513A46A56F7B097867EF30773E46A4D64A519D989468F245F4CFA5092C4110F0EC49CB1F5A2DCF5A0E70EE700003D6BA2224052900611B03EF1A60A8C709DA21CF3CDA8C36CDCCB015C948A3DD9F27CC9AD9ABA18443230241E11EC8AF6EE64B7859D9B0AA373E54CBEA2924BDC59235CCBF72219F99E43E3523A6E812493ADD6AECB23A9CC7029CA21F33E67F0A1B07F723DECB594BE3D4AE90AC93AF0C4879A47CFE679FCAAC75C818AEAB2C9376ECA66B71FEEED77BDC0582F7043794A0608F8800FC0D48C4FDE460549EAFA6DBEAB6325A5C83C2FB861CD48E447AD5322BBB8D1AEC58EAC08C1C4771F6641EBE4682896E5C76494B1F0CA7EEB536840531B51C4A5C4677073F8D09340CBE64F42398AD21A67A9E340473068C50B347C0FD79D47217560C33B75039D1B6F2066CF2A4C6D05C10B4785CF101D68B414DC78229DCD46463B3A201A1E68837314F0619A4C45252A022EE2DB1C4C06FB5425C5BB4E120FB2EC78FDDE5564BF9E2B7B596698848E352CCC7C8541F64CB6A11B5CC9FCC72E14F3553C81F85514ED1B56A2D91FA8E8E71954F7545DBE993413A3AA1F0B64815A7B5946EA015AE174D841F629B57D914DA666373A15C4C034534E9229CA9572063C88E547590ED0DBC1DCBDDC842E7848E1DFE60D68A2C611F62BAFA1C3F72A6B1A4CA79A46790BEBF9C3C939F5253F4A3631AD38C65C7A922AF02DA31C96BB1120E4B55B1F99FD14B8F4CD5A5F6EE0A8EBBFF008A3EDBB308E435EC8F37F4B31E1AB305C74AEB145997964C1ED6D21B68C470C688A3ECAAE05114A9522762AF6BCA5400A83D4B4EB6D4A0305D441D4F23D47B8D1A6BCA013AE5143BBD1354D1D8B69B2F7F6E3F94FB91FEFA7CA9AB7ED1A03C1770C91B0E78191FAFE157C980E12702AB7DA0B0B592DA491E042EA0E1BAD68B2C8A5C490345A869F7272B32063E671442246CD94954FF00BE75499235C72F91A1A49248C7825957DCE69D16F0AF4CD36172063881F8D11C79158F3EABA8460F05E4CBEE735DC5AEEAA8232B7F7032DBF8E94A1685E06FD9AE19154658ED405DEAF6B6FED4AA09E409E7540D7F53BD6D09276B990C864209CF3007972AEB49893F71FD24A83329E1573B9038B9570CD34E8D2825D93BA95E1D6DE18E38E416E929E3675C2B80072F3DC8F955B74480C50AF1019EA40AADE8A8AEC1DC7131E64D5D2D54041815D18E1B51CF926DF0102BDA54AA84854A952A0054A952A0054A952A00F2952A5400ABDAF295007FFFD9),
	('Cassava', 'It is a root crop', 580,'',1,'kg',50,0xFFD8FFE000104A46494600010100000100010000FFDB008400090607080706090807080A0A090B0D160F0D0C0C0D1B14151016201D2222201D1F1F2428342C242631271F1F2D3D2D3135373A3A3A232B3F443F384334393A37010A0A0A0D0C0D1A0F0F1A37251F253737373737373737373737373737373737373737373737373737373737373737373737373737373737373737373737373737FFC0001108007800B403012200021101031101FFC4001C0000010501010100000000000000000000040001030506070208FFC4003B1000020103030106040405030403010000010203000411051221311322415161710614328191A1B1C1233342D1E11552F00762728243B2F134FFC400190100030101010000000000000000000000010203040005FFC40027110003000202010401040300000000000000010203111221310413415122143261D152B1C1FFDA000C03010002110311003F00CDAA715E8251223AB5F87B459356BE58C29102732BF90F2F7A6E2615D877C1BA1999C5FDC2FF000D3F940FF51F3AD6CB1A451BCB21C220CB1F2AB386D12DE1486140B1A00140F0A03508CDE5CA69E83BA7BD39F25F01F7A5A9D237619DBD7C15FA6D8B4B2C97D32ED6970235F2415602D063A5598876A8403007005526ABF10DAE97A87C9CD04AEDB460A63963FD38F63D683950BF219D3CB5D050B751804807D4D0D73736B6CBB998B8271DD19E7CAB25A86B73DDDCB3CD88C13DC58F2CA171C027A67DABD3DDB7C8ACE6455C607789F1E33D2B2D66FF0013547A6DFEE2D2EB5699CC82DE358C28E59B83F9D072DD07B56B87B97902B289324ED5CF03A74E6A927D614485636ED8E3038E28DB6F88934F122CEB872BCC711E7A71C549D37DB34FB332BA0867877A6CB888A372A0F39039F06CFE55346EA79DFB73C03C83D7D074ACD5F6B45EE5E6754C499C2F0A3DFAF5A1A1D67BAC598ED27A28C903D4FF00C34744746D575148C006E90B6E0311CA771FFD700FE5521BC72049DBCD1951C16C807EC7AD632F7579234410CC151D4960003D478D57DBFC4378B11B791E268B270A62CE3DAB96CED23A5DA5E769667E6E6578D9B1BDD3AFA63ED465A4FD9A18DA5DE73DC0E79C7BF97BD7345D75A346404146C90A47ED535BFC492C3B76A0DA31DE90E4E3C800791F7A2AABEC57099D4D65558F32E154FF00529DC0566BE2ACC57FA4EA363224BB25313AC6D9273E1F719140E9FF00100BDC465D8B919FE103FF00D48A3E29DE578AE634103472E3B724727918048E9CE3EF4FEEB6B4C558B4F65ADD429A55ECF72E1DA2B8030A8A49DE38007BE6A1D43E1D935BB79C6A6A5774263820DD91137FB8E3827C3D3CEAC4D8ACF7A8D3CAC6E4AE51B79C2B70471F6ABCB3227803EDDAC3BAE3C88AD1892B7B2799D25B3E53D6EC6E745BF92DA40C8EAC429A14CB23A81248CD8F335DD7FEA8FC1A9A9DBBDF5B46049D781D1B9AE113C6F04AD14ABB5D4E08F2354A9D19E29316EA550B3734A97436CECFA3E972EAB7F1DAC3C67976C7D2BE75D434DD2ADB4BB61059C785E0B31EAE7CCD57FC1DA43E9FA6B4B71184B8B83920F555F01579B65FF72E2B418E27481AEE530C444603CEC3F871F8B1A5A6D935BC599B06793BD23799A1EC1669B56BABAD8AD0AA88E2707F1A875CD796C9BE5201BAE9BC7C13FCD4AAD4AE746F714B58A7CFC91FC45AF5BE951F62877DDBF08A06769F5F5F4AE63A9EA170F72D2DDCC24B873CB291DD1E59A6D77582F7863C64A9E58F5CF9D515F5F19140CF39F4AC39325657B669C58E71AD0449376D2F2727D493F7A0B54D5E590764E58A4600E4F1419B9249DCC72280B8995B2CC72C4F2C4D2A82DEE248B9B49A4BB827685D42C4A59CF4E07AD0915D98E4CE383E07A5550BD58D4A21183D401D6A092E64CD51632779BA2CA4B826538C01D78A42E8818CF5393CD5399E427D4F000EA6B5BF0F7C2D25EDAC93EA71DEC383FC358C200571D493C8F6C533949764553A6051DD34815114B792F53F6A70496DB2A9841E374876E3F1AD7587C27670C7B2E995A26FA8A3618FFEDD7EC3157D6FA2689A6C7F33F29628BF4A3C91E5DCFA64139E953DC96499CEEDAC351BB40D6B6534CA78DD1AE573E59E94645F0FEBA24402D3B2DE7019E551F7E0E6BA0A491DBC598FB548C721247DCCBE279FDB27F6A25639260AC4643A9200CA9FC73C50D8BC8AFF00873427D389212369997265624F27C07191EDCF4EB5A98520922496E47F0B23615386CF801E5C73515AB44647B76C85C02CC87A50CCF2ACD2A155EC07D0ED20E48CF978FAD0F006F61D65237FAC452CEEA01CB30C703CBAF4EB5A2C470C925C86DB1B7F301E9EE2B0AF7FF2D0976EBD181E831E19FC689B31A9EA8903E9D166066C333B6100F3E7F6AA62C9C7A489E49DF6D9B6DB6F770B60C72C4F90769C835C37FEAE7C14F63336A9630E6324EF0A3C2BB17C390CB650CB69792235C76864EE1C8DA718FD28ED52C20D4ACA5B6B85051C6391D0D6D97C97660C8B85747C72178E573F7A55B7F89FE03D4AC359B882CE046873B979C633FB52A0E1955925FC9F499A07529C2A0B68BFFE89F2A9E9EB47FA9FCEA88DD5B096E357BB702DEDC18E2F53E9E64D364AD2D0DE9E76DDB5D2FF007F07AD52F22F873445C36E980DB10FF73789FDEB8E6B5AF5D5E164ED581924258E70C73E06B45AA6AF3FC45AB845B779A5E915B443718D73C67D7CCD0B07FD31D76F26692F26B6B54662DB99BB46E7FED1C7E75869566AE9748D89CE296E9F6FC98C9609163DE66817C94CA371FC33F9D564D3CE103F64FD9962A24032A48F007A66BB2A7C03A3685A7FCC5C40DABEA43F942E4E232DFF0088E303AF39E941DD58DBC924525EC5F30EAB842FC2A0CE4851D00CF80A349474FC88AF9FEDF071E26F6552634C7BD0FF002D210DDB06DC3F0AEB1ACE9DA7F665E1458CAF5C0ACFD8FC3536B1704F36F6C3ACA5325BD878D72B39A31105B6E9022A17918F75173935A9D27E05BCBC8BE6350636B075D8ABBE43F61C5741D1B44D2F478C9B48544C7AC8E72E7EE7F6A35A4666DBB1980E0053B7F1A0F233B8988D13E14BBB7BC8AEA38E2B18D24180C7B491FDFED9E2B74618143670C3904A9C71E3D2833A8765232801540E07873E6463CBA01505C6A1DD2C6670C72324608A57D9C9EBA2E63F9245DB2145745246F6C023EF59F7BB3777CCEAD1BA14DA2351B82E33CE7C33839FB5535FDD8BE096B85998B0DA9B770C8E9FB1CD6834FB3F948C630CFD2460BD4F97A0143C0FCB6B44D6C85D8B921FBB80A4F028E5B948EDDF200703BFDD27AF8F1E1FDEBD172709EDB82B64AFBF9F5A79232970632CAF91C63F438F0A003D6C2C84249BD0A6049BB057D01F2A035AD516C74F67DA3B41DC8C1C1E7CFF007A31E67E17CF8273D00F1F6AC16B571FEA5ABC4179890EC8941E09E067FCF90A1A392359F0968B3EB8F15C5DDAC9269BB8F7BB408A48241E9CB7DB03D6BA8C11C7042B1451848D00554518000AE5BA4DC6A32CD158E891B82C305C394443E2723AF9D749D260BF82CA28F51BA5B89D570CEAB8CD6BC3E3C193D4A7BF21128DCAFB176B95C06F1AF1633F6D002D8DC3BAFEF443267C6AA2DB4F96D3529E4ED4B4339247A1CF4AB3042550D3F2BC7F41F358D9DC3F692C28ED8C648A54C15906D27914AA9DFD99B8CFD153F136A715858ED9240AD2718F1DBE35933A1EB7F13CF18B866D33468FF96A46256F5C7813E67F0AD1695A4DB4974DA8CB1BBA83FC0EDA42E78F1E6AE6E2E5235CB30A8A8E6F95783764C9ECCFB53E7FE82E91A5D8687662DB4F85628C7D47AB39F363E26A5BAD4A2B6859D9870381E24F9552DF6B059CC7002CDD30A3354B7CD77217374D0C76EAB9EF36189F1F4143267985A44F160792BB2F6D9A3BE86E2F6F9BB42C36281F44608FE9FEF5CF753F882559FB148D239B3B42A3072FFA003D79AF77B7B757D62B6F6B71D8DAA06E995ED3C703F72681D2B4548A25B898C6D73B416299C28FBF27DCFE15856DFE546E5293E323E9565777F7AD7174516D95790493BBA1FF0086B4CB2C70CAAAEE47042A74AAE8A658C1EC00DB9EE927EAFCF9A1EEAF5448588CB63EACF18F2F6A6169761B3DF32B0CF1E1850091F7E9FAD0325FB98CAE5A387FED1CB7B9FED551A86A7D9396CA81CF7874F7CD50DC6BAC4F70903A7BFE3E1452D8BB34379ABC48A06FC91C655B9FF154777AC4F73325AD90323BF0A371CE7C2A8A5BA96FAE638615796573B5114724F95745F863E1B1A3A23CE11EFA6192D8C851FED538FF00F699A52B6C44F6C23E1ED19ECD03487B4BA61991F3F4FB78E2AF912432C71C1EC48185C7A540644841CEF727BACE808FB0FF0099A612BC98593E8C80D12676FBE7C463CB152DECAA412EDD9CAA617693A10BC0C0F1C63C0F3F8512241F2E58020723007033CD4102AC99FE972701BC478535F5DFC9C4E641DC41E03927C302B8E03D56E4AC3B572B34B807D078D0DA3FC2B25E3236C10440E55E43B71EA335E2D95EE67F99961949C6546CE00FD2AFEDEEED276C2BC9753A801923532327A7A7E14EAA57942D4D3E9179A469DA3E84014B856908FE83BBF4CD5A7FAFDA6E0112E1B233911103F3ACDC304F737296C11EDD4778B49C6E04741E39FC31528ECAD824504AD7011499649707041E8080327EDE14FF00A864BF4CBE5976DF102E484B66FF00DDB15245AD4322159A365383DDEB59EBABA48E29256CA04EF3608E07FC143DB8BBBD900B4859D98649E8071E3E5D6BA735B7D1CF0C4AD9A94D6238F7232F69B4E0374C8A54D63A1DB456A897A9DBCC3EA76A7AB6B2FD839FA7F94453DDC36F104565C28C000D50DF5EBCA1B6671E75A83A75A672205CD7A6B68153688D40F6ABB974665693D9CE98CD1966858A5C039493AED3EDC66A0BD33DF4AAFA94C2675C6142ED51F6EA7EF5BABBB1B5504B22E7AF02B15AFDCA432882CD4199CE3247D3EB59726253DB3563C8EFA455DDCA90A6C89434A48214F403CE863DA5CC6CB3BF701C009C0C7AD78B8577FA158B631D726A6BD631C5B148503A9538159D77D9AEA142D03CB7E136C6A517231923A1F3CFED54F7D75B548ED14727906A2D4EE2284820F1EF599BFBB966EE2F741F1E99A752D9175A25D5AF8ED1920975C819C902AB6DA0B8D42EE3B7B605A491B6AAE7157369A4DC6B724652258D1061A5238C790F33E42B71A368F65A521F961B9CF77B66C16CF96078F3D38C5539295A134E883E14F84D3491DBCCE8F7AD940C5B0109F0F4AD32958C0EFB614ED0EC072D8E428FDEABDA7E1EDD72F8E08FA4378F5EA3F5AF4D70E62C1250A00B185FA507901FBD46B74F6C74B4168EECECCD236E18F1E98F039A92DD73B47D593C1F1AAC8984913A348CEE3ED83E7F951704E57BC5C921B2B81E7E5F88A1E02583958917A0627039CE6833B3599C45B99A0418700707CC7A8F0A0751D404D722289D54E71248C7841E38CF8D5A5E8B8D3EC50698B6C194802E24EAC71D157FB9A56996C6A67F2A2EE3D3B4F84441E3708AA008DE63D9B1F0E0F5F6E956315DDBDBC4BB0C16F1BE70100500F9E05646C849752FCDDE3F6B3963B500DC030F00A3C3D28D9B6B284532B9C92015DAB9F3D941EC3C9361F73ACC509536AF1CB211DF76CF77DB340CF7065ED247E1CF3BBCBDFD6AB6FAF669D0ADC970E8D84C10AA4790EB9068FD074DBBD44C66424458E589FABD479519874F484C9692DB0FD3ADA4D4E4ECD15846301DCF9797AD6D6C2D22B4B71144A0799C724D79D3ACE3B581638D400074145F8D6FC789635AF93CCC995E47FC0B814A9E9EA826814E6A397A5484F143CC76A962780326AA85450EBD76B6D10121259FE955FEFE558F9B866765DCCEDCFA54BABEA925E5D76936CDC4602AF400138FD6859EED120DEEF938F7AF3F2DF367A18A382D8A42115C676E7AE073541AC5F88418C00C1FC0735EA4D5660CE85BB8784551CB5324471BE5501FC8787F9A499297650CD6334971B4B0973C4602E31E7F9F8D58E8DF0CC25C4F7F89A46E554E4463D09FEAF61465B1804BBAE7260EA70481C79E3923D2AE23BD8446B232B90D9500A81C63818CF03FBD1A6FC21252F91D160588AA4C7BBDDDB0E3BC3C863A7DB9C7950CEC6DB71C33CA463B25230A3D76E3F3CD466FE5937011F66BD37851F4F929CFB6682664206D7590E48041C63EF4BA1C266BA53861114C6015DFB8FE02A38CBBE57736067BA7A0CD450CA2295C1DA50F7586DCF1FDEA6930A17BDB9586430E323D688A4CBDF400E4BA83862F9057C3DA86BCD59A17F95B561DB15C315FFE3FF3405C6A85D8DA5810656EE96CF0A3C71EB46691A622CB14B3B6D4525A453D5F3D686BEC283F46D1658961B89503B8391331FA09E73D7FCD5DCAD2B88DE490CD283D9461D48E5BA0007BD4924D1DCDB442D668FB1500F75BBBFF0089F1C83D47B579798DBC9B9F3BD542AA8EE81EA7ED4AC6EC29228AC6432C371B99477C328C9200C01EC4D576ADA8CC90318639CDC98CE5412CC7D38F5A4A924CC446379E8DC1C67C6AFB42D1B6CCEC549661B8B1FEAA6C789DB16F2A85FC95DF0E7C39726CED9B546792703243FF004FBF9D742D3AD1618F0169EDAD44607B7346A8C56F52A3C1E75E4AB7D894638A734F4CDD2B8020C314F51E40A55C772216E9590F8E359F95B392CAD5B33C831260FD099E735A5D5AEFE4AC9A551B9C9088073962702B03F117C1B7373736F3A5DCAEC40EDC1650A0E79C74E2972D535A92D82677CA8C51BBED23FE21322E79CF144C115CDEC6E89132A39FE667007F7AD7B691A669EA56D6D2367038791773134A1B2924238E0567585ECD6FD426BA46622D2C42C1800CE063763F4F2A82F9FB18CAE0E5BC87415B64D28E773A93EF58CF88349BAB2BBED66EFC0C48122F853543944A69532BC5C766A1494DB8D9CA96FBE3CF8AF2F223BF66E480C3BCCC40DDFE3D2A47B32613264E1BA0C727D68270F22EDC631D49EBFA54515615DAAEDFE617403011C9E7EDE54D23285C28C631B40381FDE8511F794348573D3393F90A77768431D923786E7E07B01E544E0995D546E72131CBB16E07F9AACB8D4A4BD3F2F6AA6343F5374C8F202ABAEE47BCBAFE2B13B0F41D33ED567A5C2A24ED36F38F1F0A6E903B65AE8FA444C9102A039FEBE9F9FE35AAB2B68D6DE292F984B718232CAB83E195E3A9F5A161FE4EF588E76F74EE1C7A01E351C53B5F90BB641DE3851E9E03DBC6A1746CF4F0E7F2A21D64410A0582DD14BC8A1597A9E7D3A78D595B2C9732B3451A172087C0185F0CFEBEE7DAA1B2D126D46EE3ECBBC140EF9E919CF3EE4E2BA0E9DA2DBD95BB44A3BAA324B753C75357C38792DB337AAF513BE8AED0F471183BF272392DD4D6AAD6D5630303A7A53DBC0A814AE318A296B6752B48F31B74F6C7DB8A615EEBCF8D00B5A1A9CF229F1C52AE388714ABD3039A6A24CCCDDB4DA8EB7B6197B3B7B15C960809ED5BDF8E94DA95E1C10081E038A54ABBC4B346BB48AA8A0799F24679AB9B5B160B9E062952A38D02C6D4248ACA12F2B6302B0FACEA535E334780B09E303C452A54B9EDEF43624B5B28FE47692639240BD76139150491FF00102B1CEC380314A9566D22FB64B6B04689DD5C13D4F9D35D5B06E8DCF952A54580CC4D6E2DAEF6BA9DADCEE2782734759178248CAF0E4E7208C9029E95232B26A7FD453B15EC106F2B80BE2BF6AB7F873407BAECE496331C39CB60FD473FA52A54D8A13A0E7C94A0E83A769F1DB42B1C681557A01D2AC9621E54A956A7D747993DF6C902E29870D4A950199E81A634F4A80CC4291A54AB8E1B02952A54407FFFD9),
	('Tomatoes', 'It is a vegetable', 800,'',1,'kg',50,0xFFD8FFE000104A46494600010100000100010000FFDB00840009060713121215131313161615171718181818171717181817181516161717151817181D28201F1D251B181721312125292B2E2E2E171F3338332D37282D2E2B010A0A0A0E0D0E1B10101B2D2620252D2D2D2D2F2D2F2D2F2D2D2D2D2F2D2D2D2D2D2D2F2D2B2D2D2D2D2B2D2D2D2D2D2D2D2D2D2D2F2D2D2D2D2D2D2D2D2D2D2DFFC000110800DC00E503012200021101031101FFC4001C0000010501010100000000000000000000000304050607020108FFC4004110000103020403060305070205050000000100021103040512213106415113226171819132A1B10742C1D1F0142352627282E192B22453A2E2F11533347393FFC4001A010002030101000000000000000000000000040203050106FFC40030110002020104000503020505000000000000010203110412213105134151612271A132911481B1D1E1062333C1F0FFDA000C03010002110311003F00DC50842001084200108420012573403D8E61D9CD2D31BC111A255080334E03C49F6F7F5AC6B389CD269CCC66A7321B3C8B75FED5A5ACBBED46D5D6F7346F298EF4B4CFF35373667CDB947BAD2AC2E855A6CA8DD9ED0EF291B7A6CA9A9E1B8BF43991742F095CD2A81C25A4107983215C74ED0842001084200108420010842001084200108420010842001084200108420010842001721E26275898F03CFE4BD3E0A32E6A9CEDACD04F679D95180492D765399A39905A08EA1C79A8CA5838D92884D2D712A553E17893C8E87D01DFD13B5D4D3E8EE41256F70D7896991241EA08DDA47223A2555571DAAEB5BA6D767C351B151BC9C59A49F18220F81519CF6ACFA1C6F021F6A149C6D5AE110D7C19E5981D7E5F35CFD929A870F19DF9BF78FCBA46568886FBC9FEE4EB8E6E1AFB1CED32D739847913B79A8EFB25AF36F599AF76A977A3DA23FDA52F9C6A3EE8E2FD45E957B8B2D4B291B9A10CAD44E791A0A8D0467A5523E26B84EFB18220A9DAF4F335CD9224112342244483D5532EB187BACDD4AA4F6A5D909FE507BC49EBA11EA3C55D649258675971B3B81529B2A3767B5AE1E4E008FAA5932C12996DBD169DC5360FFA4689EAB13CA3A08421740108420010842001084200108420010842001084200108420010842001215ED1AE39B56B8681CD3063A1E44781909755FC778B28DBCB477EA0E40E80F89FC3E8A139452CC8B2BA676CB6C1658DF15C1AB125C194EB4EF03B37BBFAB763BE4A1A963CEA0FC85EFA6E1A163C48F40E3A081B82A1317E30B8AB203B28E8DD07CBF155DA8C755F8DE63C0959966A20A5F464D8ABC02C9473378FC9A7338B6A7FCB6BC472966FB0924827C02638E634EB864160606F78733B46FB46B3B72544B7B07B4CD3B9A8C3B6A730FF004BA427629DD81AE4ACDDE18E34DC7FB49CA7DC2979EE6B1928BFC2ADA97187FF00BE47B7389B8D2FD98BF404540239C3B4FA9F4F76BC0F8F3ED9D5488870048FE9D8C7F71556C63176B5D04965563A7BDB820B748EBB1F4295C3ECDB5D82A36BB7248CD4C68E194CC39F325BA691C943124D48CD509572CB5D7A3340C43ED26AC656526B091F11209F0219AFBEA99E098932ADD35959C72BFBCE93AE682E331D763EA9A7ECACA94C0000D3282D9307F883B785016771FF00166A3477590C0791CAD0D2475D6751A294AD6F997A1653A777C925DE570BDBDFEC7D0342B35C25AE047825167D855CB8C39A483D42B459E2E469547F70FC427ABB949725FA8D0CAB7C73FD49942F1AE0448D42F55E2208421000842100084210008421000842100084210008421000842ADF1B637FB3D12D69EFBC7B37627F0F7519494565965354AD9A847B642F1A718E5268507783DE3FDAD3F8FE8E78FAE49D52356AC924AE25615F7CA6F2CF7DA1D057441452FBBF717ED17A1E5714E99295EC8F34B61B1F7B51C9AA7AA05EBF918F543E99497670A586887D2C6B570B6D579754D6772A770FE17B370EF516BCC44BA76E8146074290B0BFCA55D54E49F2C5F53A65647848755781A847EE691613FC2E747AEA9FE15C2269883B7452B84630D3A12ACF6F59AE09E55467CB660DB7DBA7FA52C11F86588A6214C36887049D4680931730988A51E0CCB252B1EE3BA570EB7775A6771D3C429D63C1008320ECABD5EA87082BCE1EC432BCD171D0FC3E7D15909E1E0A2EA5CA3BD76BB2C8855FC678CAD6D3FF00906AD319B2E6750AD909F0706411E214960F8C50BBA7DA5BD565567569D8EF0E1B83E055B94223E421715E9E66B9B244822444891122745D03D63C1D883E5AAE966BF673775A95FDED9D779791058E30043348006825AF698E83C168B7370DA6C7547B8358C69739C740D6B44924F40028C25B96418CF1CC6E859D3ED6BBC35B30399738ECD68E67F4533B0C46BDCB1B58533428FC50EEF56A8D1A8863643411CE5C483A01A159052BFAB8F62AD691FF000AD7186EBDCA2C871244C6679113C8B8098016F6D68020080360A316E4DFB11ECE68D56B9A1CD20B4890419047815DA8DBC1D83BB66E94C9FDEB796A63B51D08FBDD449DC0992534CEA60842174E82108401CBDC0024E80093E41633C5F8A9AF59C794E83A01B0F65A8715DCE4B77757437DF53F2056297A7BC4A435D661289E8FC074EA52763FB21A94E2952949536CA96C3E8490B252CB3D6CE5B223AB5B510947DBC293A54745EBE826FCBE0C995F96413A8F8242B515395A828EBAA4A2E1C16D76E5907702136CE97BA76A993CAA19A95F43EA1785BCD59708E202342552F3AEE9D6853858E3D14EA34D0B561A35AA78C070DD36AD880EAB3DB6C49C39A59D8913CD35FC46518AFC3545F05F1B89F8A66FBE8A8D703CD5459899EA95A37A5CE1E6B8EFC9D5A1C64DA2ADBD2BCB734EAB03E9D46C3DA763D7C883A8235100AC8EF3846FB08B935ECEA39D47704EA32CEACAAD1A7AE80CC883B5CFFF0052ECADE9D52E8ECAB31C403AB98E96546C73D1D31D405218B718B698EE532EE84E83A6C397AA7673838E64F07947A4B276B84164438738EE9D76B4576F64F23706584EDA7369E70469D4AB731E0890410798D47BAC6F16EDEE2A0AC29516C4F75832B9C089F8B699E7A27368EAA1B99A1CDD272B9D9448FE204904F8AAE3AAFE7F823A8D359A7C799D3F61B713E25FB1E3EDAE0F71CFA41F074CB518DA4E9F2D4FA297FB54E24655A5FB1D2CCE0F20D470D0100C8A60EFA9026371A73319DF1AD66D5A93394868E7224729F503CE14AE1F73988ED1A4EDDF3980063492673199DA157E74B0F1EAC5252EF6F4689F65F85D1B6B60F9636A54E52016B01EEB7C49DC9F11D15E5AE076D56356B55ECD5AF0449D267AE9036F252D4788326C4F9EAD53AB5585868D2B34D4422B16A65E78BAB06D9D7279B0B7FD6437F14F70A713469177C469B09F3CA27E6A875B16A9781B48905A1C0B80D4C0EA60723B46EAFD6774CA83BA76E5CC7A2661629CB284B63FD4BAF71C2108571C04210802AFC72EEE31BFD47E9FE565D796FDE5A9F18B272F9159DE214F5595AE5C9EB7C1258AD222A9B14BE1C147B5909F599859F5BE4DBBDE624E52725338510FBE0341A9F9242A768E3A93E436E49B7724B833D69DBEF8252BDCB3F887BA87BCAB9A72EA9CB6C1DCE3973E4941879DF303FAD556EC948B20AB87A95AAD6550EC07B8FC530B8B3AADDD8EF413F49574FD8FC50DA06623F2FF00CAAF0C6A3ABC140ED1786A2BADE61B4EAE8F641FE21A3BDF98F390AA78CE12FB73AEAC3B3BF03D0AEA48BA3A853E3A63715176DA89817AF45552DA71B448B094FAC5D0E92A168D524C293A055737B49461B8B1D7BAED185AE3A10069CA0823E60229631959151AF2E6880EA6590F0040CEDA8E1AC79A86ED8A4EAC95C8DCFD4CFD4F84D37BCBCA7EE9E0997634E2DCD9641FBA674DB4DCB6048D469F30A32E71B932E0E6C4EB21C236F840008F59E69BD0616991BAE6BDB35FBF3F9F9AB95F16F930F57FE9C9AFAAA967E1F7FB8E6851B7AC437382E718CA73343893C848D608D8CA9AB9B76526E5A7DDA9B35A200DC993CC347E5D5502E307739D198C0F08953585D3EC8103D4F3F7539D9151E0A349E036CA6BCEE17B7B9315595B9D6CA7A318C03CBBC0A8EA9845471CC2E2A1235873DD1EC0C0F64B8AE4F34AD1AC2755446E67A38F86D35AFA60BF62F3C176B340771AC83A8680013D745607DB399DE698214070EE30C6B4366215A197AC70DD6AD4D38AE4F3BAB8CE363FA781E619888A820E8F1F3F10A4154AEDD91C1ED3042B16197A2B30386FCC78A6613CF0CCDBE9DBF52E8768421582C42714529634F491EFFF008542BEA5AAD3316A39E938731AFB7F8959FE214E2525AA8E7937BC26DC2C15FA949781BEDE09673A4A7F6B6407788D3975F232B2B6E4F472B76AE446DAC4912469EF3F9A792D60800799DFC97579583013A28EA559952417493BC1DBC3FCA93C278F5165BAC5B9F429758935BA13EDAFBA6A3176EDBFA7CBC538B1C3F2D421D107513BC7307E493BFC3476C48D1B10D31BBB789F655EE97B9747C94F6FC6429DE824687F5D3C53BA5508D8F34CB8A29329D2A6E66E7F008C3AF5AF395A73693AC823AB7C57632CBC338E2A55EF8AE3FB12990386DAA675E80782C7890E1053FA6C8F97A2F6BD2913CC29CA22CA7866498BDA9A155D4CF23A1EAD3A83FAE7299768ADFF0068967DDA7546E0961F23AB7DB5F7546CC99AD6E592FF003992F87EBAA976A88B03B29A60949DFD9A74BFA4EE9094FA8DA1724EDE92B161D6D20150AABDCC86A2ED88883871E412670E255B0D00907D0099FE1D08AD632B430C206E92761E42B39A41215980044A944A3AA792B2FA709075585237E4287ACED52CE3866856F72E4734AF8B4E854CD8F10B9BA12AAA4AF0555642528F446DD3C26B9468F431D0F1A952BC298C06D7C93DD72CB685D90A4F04BE22B375E69A86A1A9232353E1D175C92F637F426B86D7CF49AEE71AFA216C1E29AC3C0E9661C4F541ACEA4C3DD69327C7A7A6DE6AF7C4988F6141CE1F11EEB3FA9DCFD049F459BD95BE676BFADE64ACFD6D99C417F3377C1E9C6EBA5D748530FB29D4829FDC560C1AFB75F443DB1CB41F2F250B88B9E41730EBB0D2741D252327B561766B4579D3CB7C08F1057FDD88DE7F0323C943E0F48BAA6F046A279A95C31D57386B84CF511F929A761CC7B8110D78E634F709693527C21C772A63B3F238A96D9F238EA5A7D35895D5E5BBAA16F46991AEF1CE213EB6B72D0012BBA6DD65371A525831FCDC3E3D3A2A5C574E18001127BC7A03A18F351DC3AE6B6A91E0403FAF00AE38B59878D7A2A9BECFB3AB48B46B9C37CC7327D254255B8CB269E9AE8CEAD9EBC9636392F4DA92D92949D2AC129115C638667B670DC4CF96875F430B1A88307707E8BE857DA76B49CCF0FA83B2C4788F0A7D1AEF6B9A46A4CC403E21769972FD991A2E5626B3CA7F838B2729BB77AAE5AD485336D55557C4DED3BCC4B1D98CC40567B61942AA617544AB3D0ABA6EBBA7E04F599CE074E72E4A49EF5E1A8996C43078F4CEF1DA259F5130BDAC215727C17D5179212F1FA951B55C9C5DD592993CA53B66D438470E2932E5D3CA49C55891D6C55AE52985025ED3D08FAA8866AACB8351882A718E58AEA27883367E1AAB349098F0CBFF0075EDF8AF56D45F0781BA1FEE322F8FEEF355A7467E1198F9BB403D81F7511680813D76DCC8F2462E7B5B9A8F3FC640F269CA3E402761BA2CA9BDF3948F4954555442BF8E7EFD91F8CDC65669A782E70923B36B8ED13F8FD547E3F5A444A4F0EB8CED14D8672892E74E51AF4DCEFE0958CB758FED81EF2B147F32D39E40711A15CDB50125C0FE49A61F71959933076E677075E9CB7D9485B1956571E8CE945C723B66ABA6B17AC8097699E49B511394B0215192354C1F60CCD9A351B29478131B2E8521CA171F27636B88C1B653BAF5F49B4C27352AC79A8BBB7CAA251DC4A3BEC786F806DD1257B5FBC20EBA73D47B266D30960E5C4B0867C98C7A2AD8AF0DD027FF006834F22CEEFC869F255CBEC11F4B569CED1FEA1E9CD696F01C20EA144DFDAE53A090572591DD3DEE2F0512CEF60CAB361D888708E6A171EC332CD5608E6E1F577E6A36D2EC83A1504B1CA349A8DB1F93416D65ED4AAA06C7100E1A9D538A974AD5311952D3C0EAB575138957242E6AD74D2BD5955CE5919AABC31A38A45C52A5A57258AB4869C86EE5CE44EDB4528DA0AC45729895B50566C359B05134292B1E09465C131547933B556E22CD1B86697EECFA21486014B2D2F3FC10B562B83C65B3CCD99CDBBA5C4F392A51C6532AF4F25470E8F78F67109C3DFD35FAAC75C70CF5767D5868AE62340D5A995A23589E43C4A71658432954192AB9EEFBD95A3281EA9A711B88788240224C79EA52F8762E1A3253A4E3D799F33D4A5124A4F23D38CE55271EB1D71F9649536D30F2F735E1C4EF223A298B483A8D942D1A4EA9A9D35D888F929DB2A1946E99A999B7E12F91E53605D87A483D28D67B26D19EFE4F657B9A17050E3A2E9CC0CAEA758547BDBCAE4E76D4113AB235F169279FA2BFD6A72155AF70B6879266493AEB1AF51297B51A5A49C565323F0CC75AFD0987743A4F5852ADBA1D7E6A3EFF000A67C2D6C3A27388F64AD1C15CCA79AA3E0FF2C9811B913F9AA7734332F2DF39C7C1202B4EC97690E696955AA5741A747F383E1FA82A69950482BAA592BB2AC11F7B6D13A7A7EBF5AACFF13A1D8D52DE5B8F23F96DE8B51C4D9A66FD72540E32A5191E3A969F5123E8511E25819A6C7B7232B5AE79298A75242ABDBD552D6D7489430C6DCF721FB9785A931525741CA3B48EE3D2179957417A02EA445C8E4352AD6AF5B4D38A7454D44AA533BB6A52AE3C37604C69A92A130DB4921693C3387E519C8F01F894ED15985E21A9C2C2272853CAD0D1C842F12884F1E78A0F175A64B82634A83383A44880E1EF07FB94631D2255EF8970CEDE890077D87333CC7DDF5123D9506DEA83A7D791E8565EA21B67F73D3E82FF003685EF1E1FFD11DC42CCD4C3A350754B60388D314F51A8D081D53DBCA21CD2D3CC42A85BB4D27C39AE93B8EBAF2494D6D9659AF5455D56CF62D26A6774B8C01A8331A0DC42754EFC9003663EAA3A951AB5009191BD3EF113B13C8298B6B60C0247E4A7059E570296A8C561F3F03BA35728976FF44AD3BB2557B1ABD869871000D48DFC004B70D971A61EEE7B7E6AE567D5817969FE8DEC9F61D52891B77EA943BABB39136B93A2537B8B60EE5AA70F1090A9762345C9358E4EC339CC48CBCA0079F5DD54F17B8ACC397583D276F1563BB151CE9A6F00FBCF826A316A8C7767558586241E47C7C92338C65234AA9CA3D73F0542D89ED37CA4F32D9DBE9E6AC164F7980E20EBC931C5F1875530F6ECE1ACF79A275876F1D7AA90B5A43308F84EA3CF424AE2F81D936E3992C7E7F249DD549A51E4A8FC6DA526FF0058FF006B95CAF2AC00DE7FA10557389B872EEEA876B6F48D4653790F0DD5F21A082D66EED0F293A8D15B04E5624859CE3554E52E3FC942A6F4F68555141F0483A106083B8237053BA15133381DA6E4D1334AAA70CA8A369BD3AA6F54ED18DE890614BD309A52727B40A30465243AA2D5256B6D29BD953CC4000927600493E402D0B87B860C0756197F97EF1F3E9F5F24CD5539193ACD5C6B425C3381971CCE1DD1F3F00AEAD10206CBCA6C0D0001006C02E93F18A8AC1E72DB5D92CB04210A4560A85C61851A353B760EE3CF7FF95DD7D7757D495D5BB6A30B1E25AE10555754AC8E06B47A97A7B377A7AAF8337A443B62BC14359849635863ED2A16EA5A7569EA3A15CDADF6731B10B2F187B65D9EA52DD1DF5BCA649D2606F9A6B89DCC0CA3D7F24A830254257BA1DA10ED0E6D27A6C14672C71EE469AF74B3EC794F0A756249710DE6391F01A6EA49CF8218DD1A3DB4D137C47166318D00EA06DE276513875DB8B4B9E7573A4790D87E2A8836EC68B27BE51DCFAF42C2CA8E6B499D92D4EFAA179681EBF82696D4865049124C993A4375FC140F0F62AE355F2ED092E83E2BAED70CE4A7CA734DA59C16CA17CECC43E0083AF8848DBD61D6667F1FF1ECAA5C457E457043CC102472079A99A1774DCC6BB4D1AA75D8E6F1E84654350DDEE75C48C7526B6B53743410729DE67AF4FF002A2AF31C75D16766C12D1AE6DA27593EC9E621782AD2732761E674D74F650984E18FCD325A0F86A75F151947121AD3D694333ED0F0DA9AD573BA986B401A4C927C63F5A29EB2A2D8CDC869E402570EB50003CBC5258ADC0F85BB796E7CD58D24B2465639BD8BA23ABB8D4A9A024930D1CCB89803D4910B58C070D16F4194B9812E3D5CE32E3E527D80555E03C0C93FB4D41B48A63C762FFA81EBE0AF49DD15385E63EDFF004313C5B56A6D530EA3DFDFFC103C43C1D657DADC506B9FFF0031BDCA9A6DDF6C123C0C859F623F622019B6BB701FC35981DFF5B08FF6AD7D09D704FB32ABBECAFF004B30A7FD91620DD9F6CE1E0FA80FB1A7F8AE5BF665890FB947FF00D7FED5BBA156E880D2F12BD7A98BD9FD985F9F89D6EC1FFD8F71F60C8F9AB1E17F65CD699AF72E7FF2D36067A1738B89F40168A842A20BD08CFC42F97A8C30AC1A85B08A34DADEA7771F371D4FBA7E842B52C7426E4DBCB04210BA7010842001084200678AE1CCAF4CB1E3C8F43D56737B87BE83CB1C351B1FE21D42D4931C5B0C6D76653A11F0BBA1FC951752A7CAECD1D0EB9D0F6CBF4BFC7C99F32AE6485DDA35E20A737B64FA4F2D70823D8F885C0ABA6CB3651F467A28CBA9419017D823A7BA499E64AF6860B52357C7CD589A745DB180EAAB552C964B533C61959C4A8D66532D1DE1CCF38F250D6187BC9D01957F3465714ED87243A9B7D84754A31C60A7DD70DBC89CD3E095B4C05FB39E40E92792B87602753A42F3B46379AEF9497A90FE2E6D61220F0FC1183EEEA23A6FD549BE9369805C76E435F18FD74495F624D1F01D7A8FCD463AABDF1A9327D49E511A92A2E4A3C23AA3659F549E10FAE712910DD0279C31803EE9E1EF9149A7BCE9F888FB8D3F5236DB7D9FF0FF00063DE43EE258CFE0FBEEF38F80787C5FD2AFB4A935AD0D680D68100010001B00026E8D2CA6F759D7B197ACF118569D7477EAFF00B1ED360680000001000D00036002E9085A679E0421080042108004210800421080042108004210800421080042108019E258732B361DBF23D3FC2A76278155A52402E6F51A88FC3D55F50AAB2A8CC6F4DACB28E172BD8CAC1F3F282179DB11FAF9AD26EB0BA353E2609EA343EE142E25C3B49A2439FE5223E89496966BD4D6AFC56A97128B4535D88446BA249D8A6A53BBBA41AE8FA80A4F09C0A9D630E7387F4E5FC5A551E558DE10ECB554423BA48AD3EF5EED81490A6F7BB2892E3B35A0B9C7C83755A6D0E13B66EED73CFF00338FD040F9296B6B5A74C45363583A35A1A3E4AC5A19BFD52139F8D571FF008E1FB99DE19C17715082F0DA4DEAEEF3FD18DD3DC8F2575C1F00A36DAB1B2FE6F76AEF4E40780014AA139569ABAFA5C995A8D7DF7F127C7B204210AF1204210800421080042108004210800421080042108004210803FFD9)
GO

print '*** Inserting Category Test Data ***'
GO
INSERT INTO [dbo].[Category]
	(Category_ID, Description)
VALUES
	('Vegetable', 'A plant or part of a plant as used in food'),
	('Fruit', 'Seed-bearing structure in flowering plants'),
	('Root Product', 'Tuberous items such as potatos and whatnot'),
	('Spice', 'Seasonings and such')
GO

INSERT INTO [dbo].[Product_Category]
	(Product_ID, Category_ID)
VALUES
	(10000, 'Fruit'),
	(10001, 'Fruit'),
	(10002, 'Vegetable'),
	(10003, 'Vegetable'),
	(10004, 'Vegetable')
GO

print '*** Inserting Grade Test Data ***'
GO
INSERT INTO [dbo].[Grade]
	(Grade_ID)
VALUES
	('Grade A'),
	('Grade B'),
	('Grade C'),
	('Charity')
GO

print '*** Inserting Supplier Test Data ***'
GO
INSERT INTO [dbo].[Supplier]
	(User_ID, IS_Approved, Approved_BY, Farm_Name, Farm_Address, Farm_City, Farm_State, Farm_Tax_ID,Active)
VALUES
	(10002,1,10001,'Glasgow Foods', 'Glasgow Drive', '"Cedar Rapids"', 'IA', '2322',1),
	(10003,1,10001,'Trapp Foods', '6301 Trapp Drive', '"Cedar Rapids"', 'IA', '2322',1),
	(10004,1,10001,'Browmich Foods', '212 Browmich Drive', '"Cedar Rapids"', 'IA', '2322',1),
	(10005,1,10001,'Hench Foods', '222 Hench AV', '"Cedar Rapids"', 'IA', '2322',1),
	(10006,0,null,'Parker Produce', '4985 Vegetable Ln', '"Cedar Rapids"', 'IA', '2452',1),
	(10007,0,null,'Marion Farms', '5643 170th St', 'Marion', 'IA', '2782',1)
GO

print '*** Inserting Product Test Data ***'
GO
INSERT INTO [dbo].[Product_Lot]
	(Warehouse_ID, Supplier_ID, Location_ID,Product_ID, Supply_Manager_ID, Quantity, Available_Quantity, Date_Received, Expiration_Date)
VALUES
	(10000,10000,10000,10000,10000,30,5,'2012-08-08','2120-01-01'),
	(10000,10001,10000,10001,10000,30,5,'2012-08-08','2120-01-01'),
	(10000,10002,10000,10002,10000,30,5,'2012-08-08','2120-01-01'),
	(10000,10003,10000,10003,10000,30,5,'2012-08-08','2120-01-01'),
	(10000,10003,10000,10004,10000,30,5,'2012-08-08','2120-01-01')
GO

print '*** Inserting Product_Grade_Price Test Data ***'
GO
INSERT INTO [dbo].[Product_Grade_Price]
	(Product_ID, Grade_ID, Price)
VALUES
	(10000, 'Grade A', 500),
	(10001, 'Grade B', 600),
	(10002, 'Grade A', 800),
	(10003, 'Grade A', 900),
	(10004, 'Grade A', 100)
GO

print '*** Inserting Status Test Data ***'
GO
INSERT INTO [dbo].[Status]
	(STATUS_ID)
VALUES
	("Open"),
	("Ready For Shipment"),
	("Ready For Assignment"),
	("Ready For Delivery"),
	("Delivered")
GO

print '*** Inserting Order_Status Test Data ***'
GO
INSERT INTO [dbo].[Order_Status]
	(ORDER_STATUS_ID)
VALUES
	("Open"),
	("Ready For Shipment")
GO

print '*** Inserting Delivery_Type Test Data ***'
GO
INSERT INTO [dbo].[Delivery_Type]
	(DELIVERY_TYPE_ID)
VALUES
	("Drop off"),
	("Pick up")
GO

print '*** Inserting Supplier_Invoice Test Data ***'
GO
INSERT INTO [dbo].[Supplier_Invoice]
	(SUPPLIER_ID, INVOICE_DATE, SUB_TOTAL, TAX_AMOUNT, TOTAL)
VALUES
	(10000, '2017-03-20', 4600.00, 20.00, 4620.00),
	(10000, '2017-03-21', 1000.00, 70.00, 1070.00),
	(10001, '2017-03-22', 4300.00, 18.00, 4318.00),
	(10003, '2017-03-21', 500.00, 35.00, 535.00)
GO

print '*** Inserting Supplier_Invoice_Line Test Data ***'
GO
INSERT INTO [dbo].[Supplier_Invoice_Line]
	(SUPPLIER_INVOICE_ID, PRODUCT_LOT_ID, QUANTITY_SOLD, PRICE_EACH, ITEM_TOTAL)
VALUES
	(10000, 10003, 2, 800.00, 1600.00),
	(10000, 10001, 5, 600.00, 3000.00),
	(10001, 10004, 10, 100.00, 1000.00),
	(10002, 10001, 7, 600.00, 4300.00),
	(10003, 10000, 1, 500.00, 500.00)
GO

print '*** Inserting Driver Test Data ***'
GO
INSERT INTO [dbo].[Driver]
	(Driver_ID, DRIVER_LICENSE_NUMBER, LICENSE_EXPIRATION, ACTIVE)
VALUES
	(10000, "123AB3123", "2018-04-12", 1)
	GO

/*Vehicle Test Data */
print '*** Inserting Vehicle Test Data ***'
GO
INSERT INTO [dbo].[Vehicle]
	(VIN, MAKE, MODEL, MILEAGE, YEAR, COLOR, ACTIVE, VEHICLE_TYPE_ID, CHECKED_OUT)
VALUES
	("1J4GX48S84C220525", "Nissan", "NV200", 5000, "2017", "White", 1, "Van", 0),
	("1HTWKAZR2CJ424051", "Isuzu", "NPRHD", 16000, "2016", "White", 1, "Truck", 0),
	("WVWNL7AN1AE520468", "Ford", "E250", 12000, "2016", "Green", 1, "Van", 0),
	("JT3FJ60G9E0065688", "Ford", "Transit", 8000, "2017", "White", 1, "Van", 0),
	("1FMDU64E11UB24590", "Volvo", "VNL", 7000, "2017", "Silver", 1, "Semi-Truck", 0)
GO

print '*** Inserting Repair Test Data ***'
GO
INSERT INTO [dbo].[Repair]
	(VEHICLE_ID)
VALUES
	(10000)
	
print '*** Inserting Repair Test Data ***'
GO
INSERT INTO [dbo].[Repair_Line]
	(REPAIR_ID, REPAIR_DESCRIPTION)
VALUES
	(10000, "Its fixed"),
	(10000, "Its more fixed")
	
print '*** Inserting Agreement Test Data'
GO
INSERT INTO [dbo].[Agreement]
	(Product_ID, Supplier_ID, Date_Submitted, Is_Approved, Approved_By)
VALUES
	(10001, 10002, GETDATE(), 1, 10001)
GO

print '*** Inserting Supplier Inventory Test Data'
GO

INSERT INTO [dbo].[Supplier_Inventory]
	(Agreement_Id, Quantity, Date_Added)
VALUES
	(10000,10,'2017-01-01 00:00:000')
GO

print '*** Inserting Supplier_Product Test Data ***'
GO
INSERT INTO [dbo].[Supplier_Product]
	(Product_ID, Supplier_ID)
VALUES
	(10000, 10000),
	(10000, 10001),
	(10000, 10002),
	(10000, 10003),
	(10001, 10000),
	(10001, 10001),
	(10002, 10002),
	(10002, 10003),
	(10003, 10000)
GO


print '*** Inserting Supplier Application Status Test Data'
GO
INSERT INTO [dbo].[Supplier_Application_Status]
	(SUPPLIER_STATUS_ID)
VALUES
	("Approved"),
	("Pending")
GO

print '*** Inserting Product_Order Test Data ***'
GO
INSERT INTO [dbo].[PRODUCT_ORDER]
	(CUSTOMER_ID, AMOUNT, ORDER_DATE, DATE_EXPECTED,
		DISCOUNT, ORDER_STATUS_ID, USER_ADDRESS_ID, HAS_ARRIVED
	)
VALUES
	(10000, 200.50, GETDATE(), GETDATE(), .25, "shipped", 1, 0),
	(10001, 57.20, GETDATE(), GETDATE(), .05, "delivered", 2, 0),
	(10002, 100.75, GETDATE(), GETDATE(), .10, "in warehouse", 1, 0),
	(10003, 480.50, GETDATE(), GETDATE(), .10, "ordered", 2, 0),
	(10002, 98.30, GETDATE(), GETDATE(), .20, "shipped", 1, 0),
	(10001, 206.33, GETDATE(), GETDATE(), .05, "shipped", 2, 0)
GO

print '*** Inserting Inspection Test Data ***'
GO
INSERT INTO [dbo].[INSPECTION]
	(EMPLOYEE_ID, PRODUCT_LOT_ID, GRADE_ID, DATE_PERFORMED,
		EXPIRATION_DATE
	)
VALUES
	(10000, 10000, "Grade A", GETDATE(), GETDATE()),
	(10001, 10001, "Grade B", GETDATE(), GETDATE()),
	(10002, 10001, "Grade A", GETDATE(), GETDATE()),
	(10003, 10000, "Grade C", GETDATE(), GETDATE()),
	(10000, 10002, "Charity", GETDATE(), GETDATE())
GO

print '*** Inserting Commercial Test Data ***'
GO
INSERT INTO [dbo].[COMMERCIAL]
	(USER_ID, IS_APPROVED, APPROVED_BY, FEDERAL_TAX_ID, ACTIVE)
VALUES
	(10000, 1, 2, 123456789, 1),
	(10001, 1, 4, 849271875, 1),
	(10002, 1, 3, 184865487, 1),
	(10003, 1, 1, 779636458, 1),
	(10004, 1, 1, 336985432, 1)
GO

print '*** Inserting Charity Test Data ***'
GO
INSERT INTO [dbo].[CHARITY]
	(USER_ID, EMPLOYEE_ID, CHARITY_NAME, CONTACT_FIRST_NAME, CONTACT_LAST_NAME,
		PHONE_NUMBER, EMAIL, CONTACT_HOURS, STATUS
	)
VALUES
	(10000, 10000, "Action Against Hunger", "Sam", "Jones", "5157879235", "sam@gmail.com", "9am to 2pm", "PENDING"),
	(10001, 10001, "Feed Iowa First", "Greg", "Miller", "6584824412", "gregm@feedia.com", "8am to 5pm", "PENDING"),
	(10003, 10002, "The Hunger Project", "Pat", "Davis", "3354588886", "pat21@gmail.com", "7am to 3pm", "PENDING"),
	(10004, 10003, "Meals on Wheels", "Mary", "Smith", "9887772602", "mary@charity4.com", "9am to 7pm", "PENDING")
GO 

print '*** Inserting Shipping Address Test Data ***'
GO
INSERT INTO [dbo].[SHIPPING_ADDRESS]
	(USER_ID, ADDRESS1, CITY, STATE, ZIP, ADDRESS_NAME)
VALUES
	(10000, "444 Main St", "A Town", "IA", "54498", "name 1" ),
	(10001, "23 Oak Ave", "Farmville", "MO", "68787", "name 2" ),
	(10002, "787 First Street", "Somewhere", "IL", "21220", "name 3" ),
	(10003, "3318 North Rd", "Haydale", "IA", "52983", "name 4" )	
GO

print '*** Inserting Company Order Test Data ***'
GO
INSERT INTO [dbo].[COMPANY_ORDER]
	(EMPLOYEE_ID, SUPPLIER_ID, AMOUNT, ORDER_DATE)
VALUES
	(10000, 10001, 500.00, '2017-03-20'),
	(10001, 10002, 625.00, '2017-03-21'),
	(10002, 10001, 725.00, '2017-03-20'),
	(10000, 10002, 225.00, '2017-03-22'),
	(10003, 10000, 575.00, '2017-03-25'),
	(10001, 10000, 250.00, '2017-03-21')
GO

print '*** Inserting Company Order Line Test Data ***'
GO
INSERT INTO [dbo].[COMPANY_ORDER_LINE]
	(COMPANY_ORDER_ID, PRODUCT_ID, PRODUCT_NAME, QUANTITY, UNIT_PRICE, TOTAL_PRICE)
VALUES
	(10000, 10000, 'Apple', 500, .5, 250.00),
	(10000, 10001, 'Orange', 100, .75, 75.00),
	(10000, 10003, 'Cassava', 175, 1.00, 175.00),
	(10001, 10000, 'Apple', 1000, .35, 350.00),
	(10001, 10004, 'Tomatoes', 1375, .2, 275.00),
	(10002, 10002, 'Onion', 580, 1.25, 725.00),
	(10003, 10000, 'Apple', 100, .5, 50.00),
	(10003, 10003, 'Cassava', 50, .75, 37.50),
	(10003, 10002, 'Onion', 275, .5, 137.50),
	(10004, 10001, 'Orange', 1000, .30, 300.00),
	(10004, 10004, 'Tomatoes', 1375, .2, 275.00),
	(10005, 10002, 'Onion', 250, .5, 125.00),
	(10005, 10001, 'Orange', 250, .5, 125.00)
GO

print '*** Inserting Pickup Test Data ***'
GO
INSERT INTO [dbo].[PICKUP]
	(SUPPLIER_ID, WAREHOUSE_ID, DRIVER_ID, EMPLOYEE_ID)
VALUES
	(10000, 10000, 10000, 10000),
	(10001, 10000, 10000, 10000),
	(10000, 10000, 10000, 10000)
GO

print '*** Inserting Pickup Line Test Data ***'
GO
INSERT INTO [dbo].[PICKUP_LINE]
	(PICKUP_ID, PRODUCT_LOT_ID, QUANTITY, PICK_UP_STATUS)
VALUES
	(10000, 10000, 20, 0),
	(10000, 10001, 23, 1),
	(10000, 10002, 21, 0),
	(10001, 10000, 20, 0),
	(10002, 10000, 20, 1)
GO

print '' print '*** Inserting User_Address Test Data ***'
GO
INSERT INTO [dbo].[USER_ADDRESS]
	(USER_ADDRESS_ID, USER_ID, ADDRESS_LINE_1, ADDRESS_LINE_2, CITY, STATE, ZIP)
VALUES
	(10000, 10002, '123 Street Name', 'Second Street Name', 'City', 'AA', '12345')
GO


print '' print '*** Inserting User Cart Line Test Data ***'
INSERT INTO [dbo].[USER_CART_LINE]
    (PRODUCT_ID, GRADE_ID, QUANTITY, USER_ID)
VALUES
    (10000,'GRADE A',5,10003)
GO

print '*** Inserting Route Test Data ***'
GO
INSERT INTO [dbo].[ROUTE]
	(DRIVER_ID, VEHICLE_ID, ASSIGNED_DATE)
VALUES
	(10000, 10000, '2017-04-20'),
	(10000, 10000, '2017-04-13'),
	(10000, 10000, '2017-04-10')
GO

print '*** Inserting Delivery Test Data ***'
GO
INSERT INTO [dbo].[DELIVERY]
	(ROUTE_ID, DELIVERY_DATE, STATUS_ID, DELIVERY_TYPE_ID, ORDER_ID)
VALUES
	(10000, '2017-04-20', "Ready For Delivery", "Drop off", 10000),
	(10000, '2017-04-20', "Ready For Delivery", "Drop off", 10001),
	(10001, '2017-04-13', "Ready For Delivery", "Drop off", 10002),
	(10001, '2017-04-13', "Ready For Delivery", "Drop off", 10003),
	(10002, '2017-04-10', "Ready For Delivery", "Drop off", 10003),
	(10002, '2017-04-10', "Ready For Delivery", "Drop off", 10004)
GO

print '*** Inserting Package Test Data ***'
GO
INSERT INTO [dbo].[PACKAGE]
	(DELIVERY_ID, ORDER_ID)
VALUES
	(10000, 10000),
	(10000, 10000),
	(10001, 10001),
	(10002, 10002),
	(10002, 10002),
	(10002, 10002),
	(10003, 10003),
	(10003, 10003),
	(10004, 10003),
	(10005, 10004),
	(10005, 10004),
	(10005, 10004)
GO


print '*** Inserting Package Line Test Data ***'
GO
INSERT INTO [dbo].[PACKAGE_LINE]
	(PACKAGE_ID, PRODUCT_LOT_ID, QUANTITY, PRICE_PAID)
VALUES
	(10000, 10000, 5, 10.50),
	(10001, 10001, 5, 10.50),
	(10002, 10000, 5, 10.50),
	(10003, 10002, 5, 10.50),
	(10004, 10000, 5, 10.50),
	(10005, 10000, 5, 10.50),
	(10006, 10003, 5, 10.50),
	(10007, 10000, 5, 10.50),
	(10008, 10000, 5, 10.50),
	(10009, 10000, 5, 10.50),
	(10010, 10002, 5, 10.50),
	(10011, 10000, 5, 10.50),
	(10010, 10000, 5, 10.50),
	(10001, 10001, 5, 10.50),
	(10002, 10000, 5, 10.50),
	(10003, 10000, 5, 10.50),
	(10004, 10002, 5, 10.50),
	(10005, 10000, 5, 10.50)
	
GO